timestamp_utc,event_type,event_id,prev_event_id,note
note: Phase14.6 CSV init (change_log)
2026-02-24T03:15:47.451389+00:00,TIP_UPDATE,7ae5bedc9f46a897b8722a59d291979359a30e594a159b70aa0e6e6eb4c2b79f,c54cf1c6beec2ec7571ba3a48df93fc838bdc588423188a65fc09fbf0f6596b5,note: Phase14.6 change_log append for latest TIP
2026-02-24T03:21:45.092657+00:00,TIP_UPDATE,194cf69a9d9152d9749723c943f6be1c3e6e090e28fa82df31d49c6233188bdf,7ae5bedc9f46a897b8722a59d291979359a30e594a159b70aa0e6e6eb4c2b79f,note: Phase14.6 change_log append for latest TIP
2026-02-24T03:22:30.599191+00:00,TIP_UPDATE,d1c80df2cbdddd45a472fca00c2bd93f5e09bb589153f3a3af4824fe511afd92,194cf69a9d9152d9749723c943f6be1c3e6e090e28fa82df31d49c6233188bdf,note: Phase14.6 change_log append for latest TIP
2026-02-24T03:26:22.638403+00:00,TIP_UPDATE,d1c80df2cbdddd45a472fca00c2bd93f5e09bb589153f3a3af4824fe511afd92,194cf69a9d9152d9749723c943f6be1c3e6e090e28fa82df31d49c6233188bdf,note: Phase14.6 change_log append for latest TIP
2026-02-24T03:31:14.813288+00:00,TIP_UPDATE,f7332104f8c4dee658ac95801ffe6bc38b54477682e17d1c6c44461d98aff5ba,d1c80df2cbdddd45a472fca00c2bd93f5e09bb589153f3a3af4824fe511afd92,note: Phase14.6 change_log append for latest TIP
2026-02-24T03:31:39.027249+00:00,TIP_UPDATE,f7332104f8c4dee658ac95801ffe6bc38b54477682e17d1c6c44461d98aff5ba,d1c80df2cbdddd45a472fca00c2bd93f5e09bb589153f3a3af4824fe511afd92,note: Phase14.6 change_log append for latest TIP
2026-02-24T03:46:09.862334+00:00,TIP_UPDATE,9905da4cc529b3c26983f0aab0f3d002d34e321708facea5beed06e69fdf256d,f7332104f8c4dee658ac95801ffe6bc38b54477682e17d1c6c44461d98aff5ba,note: Phase14.6 change_log append for latest TIP
2026-02-24T03:48:34.764087+00:00,TIP_UPDATE,d5b072b35e8bdb5396346591052e1dc14776da4b2c7549a63920115bc41ea2d2,9905da4cc529b3c26983f0aab0f3d002d34e321708facea5beed06e69fdf256d,note: Phase14.6 change_log append for latest TIP
2026-02-24T03:49:06.278799+00:00,TIP_UPDATE,d5b072b35e8bdb5396346591052e1dc14776da4b2c7549a63920115bc41ea2d2,9905da4cc529b3c26983f0aab0f3d002d34e321708facea5beed06e69fdf256d,note: Phase14.6 change_log append for latest TIP
2026-02-24T03:50:34.321024+00:00,TIP_UPDATE,8f38978cad2d92b726c8ae437e1fe92fb6dfb21e5e78ae47087c2b5dd26d7391,d5b072b35e8bdb5396346591052e1dc14776da4b2c7549a63920115bc41ea2d2,note: Phase14.6 change_log append for latest TIP
